Pipeline Name,avg_fps,precision,recall,f1_score,tp,fp,fn,iou,mAP,dotd,memory_usage_mb,processing_time_sec,execution_time_sec,avg_processing_time_sec,total_processing_time_sec,avg_memory_usage_mb,Configurations,total_frames,model_name,img_size,iou_thresh,base_pipeline,conf_thresh,use_sahi,run_name,sahi_slice_height,sahi_slice_width,sahi_overlap_height_ratio,sahi_overlap_width_ratio,min_roi_size,max_rois,dynamic_multiplier,min_threshold,max_threshold,min_hits,roi_scale,fullframe_every,detect_every,use_tiling,use_nms,motion_thresh_scale,motion_pixel_threshold,use_morphological_dilation,full_scan_interval,classifier_model_name,cls_img_size,cls_scale2_size,cls_overlap,cls_conf_thresh,merge_dist,use_interpolation
strategy_12_001,3.54,7.85%,0.87%,1.56%,27,317,3092,0.01,0.00,0.71,898,497,181,59.54,104798,898,,1760,yolo12n.pt,640,,strategy_12,0.01,FALSE,strategy_12_001,,,,,192,5,4,20,80,3,3,,5,,,,,,,,,,,,,FALSE
strategy_12_02,3.45,42.86%,0.29%,0.57%,9,12,3110,0.00,0.00,0.11,922,510,182,60.59,106638,922,,1760,yolo12n.pt,640,,strategy_12,0.2,FALSE,strategy_12_02,,,,,192,5,4,20,80,3,3,,5,,,,,,,,,,,,,FALSE
strategy_12_01,3.43,35.56%,0.51%,1.01%,16,29,3103,0.00,0.00,0.57,892,513,183,60.26,106066,892,,1760,yolo12n.pt,640,,strategy_12,0.1,FALSE,strategy_12_01,,,,,192,5,4,20,80,3,3,,5,,,,,,,,,,,,,FALSE
strategy_12_005,3.45,18.68%,0.55%,1.06%,17,74,3102,0.00,0.00,0.54,939,511,183,59.24,104268,939,,1760,yolo12n.pt,640,,strategy_12,0.05,FALSE,strategy_12_005,,,,,192,5,4,20,80,3,3,,5,,,,,,,,,,,,,FALSE
strategy_12_01_sahi,2.26,2.01%,5.51%,2.94%,172,8404,2947,0.05,0.04,4.70,704,779,238,84.11,148032,704,,1760,yolo12n.pt,640,,strategy_12,0.1,TRUE,strategy_12_01_sahi,640,640,0.2,0.2,192,5,4,20,80,3,3,,5,,,,,,,,,,,,,FALSE
strategy_13_01_sahi_interpolation,2.26,2.01%,5.51%,2.94%,172,8404,2947,0.05,0.04,4.70,755,779,239,84.08,147988,755,,1760,yolo12n.pt,640,0.45,strategy_13,0.1,TRUE,strategy_13_01_sahi_interpolation,640,640,0.2,0.2,192,10,,,,,3,0,5,,,1,5,TRUE,10,yolo11n-cls.pt,224,448,0.2,0.01,150,TRUE
strategy_13_02_sahi_interpolation,2.26,2.33%,2.66%,2.48%,83,3484,3036,0.03,0.03,1.42,759,778,239,84.32,148400,759,,1760,yolo12n.pt,640,0.45,strategy_13,0.2,TRUE,strategy_13_02_sahi_interpolation,640,640,0.2,0.2,192,10,,,,,3,0,5,,,1,5,TRUE,10,yolo11n-cls.pt,224,448,0.2,0.01,150,TRUE
strategy_12_02_sahi,2.27,2.33%,2.66%,2.48%,83,3484,3036,0.03,0.03,1.42,706,776,240,84.08,147985,706,,1760,yolo12n.pt,640,,strategy_12,0.2,TRUE,strategy_12_02_sahi,640,640,0.2,0.2,192,5,4,20,80,3,3,,5,,,,,,,,,,,,,FALSE
strategy_13_005_sahi_interpolation,2.27,3.16%,17.25%,5.34%,538,16483,2581,0.12,0.06,4.22,763,775,240,83.98,147811,763,,1760,yolo12n.pt,640,0.45,strategy_13,0.05,TRUE,strategy_13_005_sahi_interpolation,640,640,0.2,0.2,192,10,,,,,3,0,5,,,1,5,TRUE,10,yolo11n-cls.pt,224,448,0.2,0.01,150,TRUE
strategy_12_005_sahi,2.26,3.16%,17.25%,5.34%,538,16483,2581,0.12,0.06,4.22,694,780,241,84.52,148758,694,,1760,yolo12n.pt,640,,strategy_12,0.05,TRUE,strategy_12_005_sahi,640,640,0.2,0.2,192,5,4,20,80,3,3,,5,,,,,,,,,,,,,FALSE
strategy_12_001_sahi,2.25,2.53%,43.89%,4.78%,1369,52770,1750,0.25,0.10,4.38,687,783,244,85.45,150383,687,,1760,yolo12n.pt,640,,strategy_12,0.01,TRUE,strategy_12_001_sahi,640,640,0.2,0.2,192,5,4,20,80,3,3,,5,,,,,,,,,,,,,FALSE
strategy_13_001_sahi_interpolation,2.25,2.53%,43.89%,4.78%,1369,52770,1750,0.25,0.10,4.38,775,782,245,85.10,149784,775,,1760,yolo12n.pt,640,0.45,strategy_13,0.01,TRUE,strategy_13_001_sahi_interpolation,640,640,0.2,0.2,192,10,,,,,3,0,5,,,1,5,TRUE,10,yolo11n-cls.pt,224,448,0.2,0.01,150,TRUE
strategy_8_005_sahi,1.86,5.83%,11.98%,7.85%,75,1211,551,0.02,0.01,0.75,714,949,299,0.54,948,714,,1760,yolo12n.pt,640,0.45,strategy_8,0.05,TRUE,strategy_8_005_sahi,640,640,0.2,0.2,192,10,,,,,3,0,5,,,,,,,,,,,,,FALSE
strategy_8_01_sahi,1.85,3.05%,2.56%,2.78%,16,508,610,0.01,0.01,0.50,727,949,299,0.54,949,727,,1760,yolo12n.pt,640,0.45,strategy_8,0.1,TRUE,strategy_8_01_sahi,640,640,0.2,0.2,192,10,,,,,3,0,5,,,,,,,,,,,,,FALSE
strategy_8_02_sahi,1.84,5.43%,1.60%,2.47%,10,174,616,0.00,0.01,0.29,722,955,300,0.54,955,722,,1760,yolo12n.pt,640,0.45,strategy_8,0.2,TRUE,strategy_8_02_sahi,640,640,0.2,0.2,192,10,,,,,3,0,5,,,,,,,,,,,,,FALSE
strategy_8_001_sahi,1.82,4.65%,38.66%,8.29%,242,4967,384,0.05,0.02,3.02,707,968,308,0.55,968,707,,1760,yolo12n.pt,640,0.45,strategy_8,0.01,TRUE,strategy_8_001_sahi,640,640,0.2,0.2,192,10,,,,,3,0,5,,,,,,,,,,,,,FALSE
strategy_8_01,1.59,66.67%,0.32%,0.64%,2,1,624,0.00,0.00,0.13,1075,1104,473,0.63,1104,1075,,1760,yolo12n.pt,640,0.45,strategy_8,0.1,FALSE,strategy_8_01,,,,,192,10,,,,,3,0,5,,,,,,,,,,,,,FALSE
strategy_8_005,1.50,25.00%,0.32%,0.63%,2,6,624,0.00,0.00,0.13,1080,1177,494,0.67,1177,1080,,1760,yolo12n.pt,640,0.45,strategy_8,0.05,FALSE,strategy_8_005,,,,,192,10,,,,,3,0,5,,,,,,,,,,,,,FALSE
strategy_8_001,1.48,10.20%,0.80%,1.48%,5,44,621,0.00,0.00,0.09,1114,1190,496,0.68,1190,1114,,1760,yolo12n.pt,640,0.45,strategy_8,0.01,FALSE,strategy_8_001,,,,,192,10,,,,,3,0,5,,,,,,,,,,,,,FALSE
strategy_8_02,1.40,0.00%,0.00%,0.00%,0,0,626,0.00,0.00,0.00,1119,1260,510,0.72,1260,1119,,1760,yolo12n.pt,640,0.45,strategy_8,0.2,FALSE,strategy_8_02,,,,,192,10,,,,,3,0,5,,,,,,,,,,,,,FALSE
baseline_base_02,0.71,0.00%,0.00%,0.00%,0,1,3119,0.00,0.00,0.00,614,2482,528,1.41,2482,614,,1760,yolo12n.pt,640,0.45,baseline_base,0.2,FALSE,baseline_base_02,,,,,,,,,,,,,,FALSE,FALSE,,,,,,,,,,,FALSE
baseline_base_01,0.70,0.00%,0.00%,0.00%,0,2,3119,0.00,0.00,0.00,613,2501,532,1.42,2501,613,,1760,yolo12n.pt,640,0.45,baseline_base,0.1,FALSE,baseline_base_01,,,,,,,,,,,,,,FALSE,FALSE,,,,,,,,,,,FALSE
baseline_base_005,0.69,0.00%,0.00%,0.00%,0,11,3119,0.00,0.00,0.00,609,2557,543,1.45,2557,609,,1760,yolo12n.pt,640,0.45,baseline_base,0.05,FALSE,baseline_base_005,,,,,,,,,,,,,,FALSE,FALSE,,,,,,,,,,,FALSE
baseline_base_001,0.69,3.41%,0.10%,0.19%,3,85,3116,0.00,0.00,0.96,599,2564,543,1.46,2564,599,,1760,yolo12n.pt,640,0.45,baseline_base,0.01,FALSE,baseline_base_001,,,,,,,,,,,,,,FALSE,FALSE,,,,,,,,,,,FALSE
strategy_13_02_interpolation,0.86,2.30%,2.63%,2.45%,82,3482,3037,0.03,0.03,1.33,1650,2055,549,165.36,291033,1650,,1760,yolo12n.pt,640,0.45,strategy_13,0.2,FALSE,strategy_13_02_interpolation,,,,,192,10,,,,,3,0,5,,,1,5,TRUE,10,yolo11n-cls.pt,224,448,0.2,0.01,150,TRUE
strategy_13_005_interpolation,0.87,3.14%,17.06%,5.31%,532,16405,2587,0.12,0.06,4.22,1596,2032,550,162.55,286081,1596,,1760,yolo12n.pt,640,0.45,strategy_13,0.05,FALSE,strategy_13_005_interpolation,,,,,192,10,,,,,3,0,5,,,1,5,TRUE,10,yolo11n-cls.pt,224,448,0.2,0.01,150,TRUE
strategy_13_001_interpolation,0.86,2.52%,43.57%,4.77%,1359,52515,1760,0.24,0.10,4.37,1772,2040,558,162.49,285974,1772,,1760,yolo12n.pt,640,0.45,strategy_13,0.01,FALSE,strategy_13_001_interpolation,,,,,192,10,,,,,3,0,5,,,1,5,TRUE,10,yolo11n-cls.pt,224,448,0.2,0.01,150,TRUE
strategy_13_01_interpolation,0.85,1.95%,5.35%,2.86%,167,8383,2952,0.05,0.04,4.60,1749,2082,562,167.14,294165,1749,,1760,yolo12n.pt,640,0.45,strategy_13,0.1,FALSE,strategy_13_01_interpolation,,,,,192,10,,,,,3,0,5,,,1,5,TRUE,10,yolo11n-cls.pt,224,448,0.2,0.01,150,TRUE
strategy_11_01,0.94,0.59%,5.77%,1.06%,180,30553,2939,0.01,0.00,19.23,2539,1862,644,1.06,1862,2539,,1760,yolo12n.pt,640,0.45,strategy_11,0.1,FALSE,strategy_11_01,,,,,192,10,,,,,3,0,5,,,,,,,yolo11n-cls.pt,224,448,0.2,0.01,150,FALSE
strategy_11_001,0.90,0.20%,9.04%,0.40%,282,138401,2837,0.01,0.00,18.21,2586,1961,668,1.11,1960,2586,,1760,yolo12n.pt,640,0.45,strategy_11,0.01,FALSE,strategy_11_001,,,,,192,10,,,,,3,0,5,,,,,,,yolo11n-cls.pt,224,448,0.2,0.01,150,FALSE
strategy_11_02,0.86,0.00%,0.00%,0.00%,0,15346,3119,0.00,0.00,0.00,2425,2041,692,1.16,2041,2425,,1760,yolo12n.pt,640,0.45,strategy_11,0.2,FALSE,strategy_11_02,,,,,192,10,,,,,3,0,5,,,,,,,yolo11n-cls.pt,224,448,0.2,0.01,150,FALSE
strategy_11_005,0.84,0.44%,7.28%,0.82%,227,51871,2892,0.01,0.00,18.44,2509,2094,697,1.19,2094,2509,,1760,yolo12n.pt,640,0.45,strategy_11,0.05,FALSE,strategy_11_005,,,,,192,10,,,,,3,0,5,,,,,,,yolo11n-cls.pt,224,448,0.2,0.01,150,FALSE
strategy_11_01_sahi,0.47,0.00%,0.00%,0.00%,0,0,3119,0.00,0.00,0.00,757,3778,1145,2.15,3778,757,,1760,yolo12n.pt,640,0.45,strategy_11,0.1,TRUE,strategy_11_01_sahi,640,640,0.2,0.2,192,10,,,,,3,0,5,,,,,,,yolo11n-cls.pt,224,448,0.2,0.01,150,FALSE
strategy_13_01_sahi,0.47,2.44%,9.97%,3.92%,311,12446,2808,0.09,0.07,2.20,767,3761,1154,410.10,721779,767,,1760,yolo12n.pt,640,0.45,strategy_13,0.1,TRUE,strategy_13_01_sahi,640,640,0.2,0.2,192,10,,,,,3,0,5,,,1,5,TRUE,10,yolo11n-cls.pt,224,448,0.2,0.01,150,FALSE
strategy_13_02_sahi,0.46,2.12%,3.82%,2.73%,119,5489,3000,0.05,0.06,1.62,816,3808,1159,413.21,727255,816,,1760,yolo12n.pt,640,0.45,strategy_13,0.2,TRUE,strategy_13_02_sahi,640,640,0.2,0.2,192,10,,,,,3,0,5,,,1,5,TRUE,10,yolo11n-cls.pt,224,448,0.2,0.01,150,FALSE
strategy_11_005_sahi,0.46,0.00%,0.00%,0.00%,0,0,3119,0.00,0.00,0.00,731,3804,1160,2.16,3803,731,,1760,yolo12n.pt,640,0.45,strategy_11,0.05,TRUE,strategy_11_005_sahi,640,640,0.2,0.2,192,10,,,,,3,0,5,,,,,,,yolo11n-cls.pt,224,448,0.2,0.01,150,FALSE
strategy_13_005_sahi,0.46,3.56%,26.80%,6.28%,836,22673,2283,0.18,0.11,2.28,795,3815,1164,414.68,729843,795,,1760,yolo12n.pt,640,0.45,strategy_13,0.05,TRUE,strategy_13_005_sahi,640,640,0.2,0.2,192,10,,,,,3,0,5,,,1,5,TRUE,10,yolo11n-cls.pt,224,448,0.2,0.01,150,FALSE
strategy_11_02_sahi,0.46,0.00%,0.00%,0.00%,0,0,3119,0.00,0.00,0.00,718,3835,1165,2.18,3835,718,,1760,yolo12n.pt,640,0.45,strategy_11,0.2,TRUE,strategy_11_02_sahi,640,640,0.2,0.2,192,10,,,,,3,0,5,,,,,,,yolo11n-cls.pt,224,448,0.2,0.01,150,FALSE
strategy_13_001_sahi,0.46,2.39%,54.50%,4.58%,1700,69406,1419,0.29,0.16,2.35,805,3833,1179,416.85,733653,805,,1760,yolo12n.pt,640,0.45,strategy_13,0.01,TRUE,strategy_13_001_sahi,640,640,0.2,0.2,192,10,,,,,3,0,5,,,1,5,TRUE,10,yolo11n-cls.pt,224,448,0.2,0.01,150,FALSE
strategy_11_001_sahi,0.46,0.00%,0.00%,0.00%,0,0,3119,0.00,0.00,0.00,705,3851,1183,2.19,3851,705,,1760,yolo12n.pt,640,0.45,strategy_11,0.01,TRUE,strategy_11_001_sahi,640,640,0.2,0.2,192,10,,,,,3,0,5,,,,,,,yolo11n-cls.pt,224,448,0.2,0.01,150,FALSE
baseline_base_01_sahi,0.45,2.44%,9.97%,3.92%,311,12446,2808,0.09,0.07,2.20,728,3877,1184,2.20,3877,728,,1760,yolo12n.pt,640,0.45,baseline_base,0.1,TRUE,baseline_base_01_sahi,640,640,0.2,0.2,,,,,,,,,,FALSE,FALSE,,,,,,,,,,,FALSE
baseline_base_02_sahi,0.45,2.12%,3.82%,2.73%,119,5489,3000,0.05,0.06,1.62,728,3903,1185,2.22,3902,728,,1760,yolo12n.pt,640,0.45,baseline_base,0.2,TRUE,baseline_base_02_sahi,640,640,0.2,0.2,,,,,,,,,,FALSE,FALSE,,,,,,,,,,,FALSE
baseline_base_005_sahi,0.45,3.56%,26.80%,6.28%,836,22673,2283,0.18,0.11,2.28,722,3914,1186,2.22,3913,722,,1760,yolo12n.pt,640,0.45,baseline_base,0.05,TRUE,baseline_base_005_sahi,640,640,0.2,0.2,,,,,,,,,,FALSE,FALSE,,,,,,,,,,,FALSE
baseline_base_001_sahi,0.44,2.39%,54.50%,4.58%,1700,69406,1419,0.29,0.16,2.35,693,3971,1214,2.26,3970,693,,1760,yolo12n.pt,640,0.45,baseline_base,0.01,TRUE,baseline_base_001_sahi,640,640,0.2,0.2,,,,,,,,,,FALSE,FALSE,,,,,,,,,,,FALSE
strategy_2_005_sahi,0.43,4.21%,38.99%,7.59%,1216,27687,1903,0.21,0.10,3.75,702,4062,1238,2.31,4062,702,,1760,yolo12n.pt,640,,strategy_2,0.05,TRUE,strategy_2_005_sahi,640,640,0.2,0.2,192,5,4,20,80,3,3,,,,,,,,,,,,,,,FALSE
strategy_10_02_sahi,0.43,2.12%,3.82%,2.73%,119,5489,3000,0.05,0.06,1.62,727,4047,1243,2.30,4046,727,,1760,yolo12n.pt,640,,strategy_10,0.2,TRUE,strategy_10_02_sahi,640,640,0.2,0.2,,,,,,,,,,,,1,5,TRUE,10,,,,,,,FALSE
strategy_10_001_sahi,0.43,2.39%,54.50%,4.58%,1700,69406,1419,0.29,0.16,2.35,726,4077,1261,2.32,4076,726,,1760,yolo12n.pt,640,,strategy_10,0.01,TRUE,strategy_10_001_sahi,640,640,0.2,0.2,,,,,,,,,,,,1,5,TRUE,10,,,,,,,FALSE
strategy_10_01_sahi,0.43,2.44%,9.97%,3.92%,311,12446,2808,0.09,0.07,2.20,745,4126,1264,2.34,4126,745,,1760,yolo12n.pt,640,,strategy_10,0.1,TRUE,strategy_10_01_sahi,640,640,0.2,0.2,,,,,,,,,,,,1,5,TRUE,10,,,,,,,FALSE
strategy_2_01_sahi,0.42,2.50%,12.22%,4.16%,381,14837,2738,0.08,0.06,5.73,744,4166,1285,2.37,4166,744,,1760,yolo12n.pt,640,,strategy_2,0.1,TRUE,strategy_2_01_sahi,640,640,0.2,0.2,192,5,4,20,80,3,3,,,,,,,,,,,,,,,FALSE
strategy_10_005_sahi,0.41,3.56%,26.80%,6.28%,836,22673,2283,0.18,0.11,2.28,729,4333,1331,2.46,4332,729,,1760,yolo12n.pt,640,,strategy_10,0.05,TRUE,strategy_10_005_sahi,640,640,0.2,0.2,,,,,,,,,,,,1,5,TRUE,10,,,,,,,FALSE
strategy_2_02_sahi,0.41,1.98%,4.04%,2.66%,126,6242,2993,0.05,0.06,3.22,703,4340,1341,2.47,4339,703,,1760,yolo12n.pt,640,,strategy_2,0.2,TRUE,strategy_2_02_sahi,640,640,0.2,0.2,192,5,4,20,80,3,3,,,,,,,,,,,,,,,FALSE
strategy_2_005,0.43,14.55%,1.25%,2.30%,39,229,3080,0.01,0.01,2.48,874,4102,1867,2.33,4102,874,,1760,yolo12n.pt,640,,strategy_2,0.05,FALSE,strategy_2_005,,,,,192,5,4,20,80,3,3,,,,,,,,,,,,,,,FALSE
strategy_2_01,0.42,22.45%,1.06%,2.02%,33,114,3086,0.01,0.01,2.62,899,4202,1898,2.39,4202,899,,1760,yolo12n.pt,640,,strategy_2,0.1,FALSE,strategy_2_01,,,,,192,5,4,20,80,3,3,,,,,,,,,,,,,,,FALSE
strategy_2_001,0.41,6.73%,2.18%,3.29%,68,943,3051,0.01,0.01,3.05,901,4243,1947,2.41,4243,901,,1760,yolo12n.pt,640,,strategy_2,0.01,FALSE,strategy_2_001,,,,,192,5,4,20,80,3,3,,,,,,,,,,,,,,,FALSE
strategy_2_02,0.40,38.89%,0.67%,1.32%,21,33,3098,0.00,0.00,4.21,841,4384,2019,2.49,4384,841,,1760,yolo12n.pt,640,,strategy_2,0.2,FALSE,strategy_2_02,,,,,192,5,4,20,80,3,3,,,,,,,,,,,,,,,FALSE
baseline_w_tiling_and_nms_005,0.12,2.55%,21.19%,4.55%,661,25248,2458,0.13,0.15,2.13,743,14782,3340,8.40,14782,743,,1760,yolo12n.pt,640,0.45,baseline_w_tiling_and_nms,0.05,FALSE,baseline_w_tiling_and_nms_005,,,,,,,,,,,,,,TRUE,TRUE,,,,,,,,,,,FALSE
baseline_w_tiling_and_nms_01,0.12,2.51%,11.22%,4.10%,350,13603,2769,0.09,0.14,1.68,907,14887,3363,8.46,14887,907,,1760,yolo12n.pt,640,0.45,baseline_w_tiling_and_nms,0.1,FALSE,baseline_w_tiling_and_nms_01,,,,,,,,,,,,,,TRUE,TRUE,,,,,,,,,,,FALSE
baseline_w_tiling_and_nms_001,0.12,1.47%,39.50%,2.83%,1232,82853,1887,0.20,0.16,2.24,896,14978,3374,8.51,14978,896,,1760,yolo12n.pt,640,0.45,baseline_w_tiling_and_nms,0.01,FALSE,baseline_w_tiling_and_nms_001,,,,,,,,,,,,,,TRUE,TRUE,,,,,,,,,,,FALSE
strategy_10_001,0.16,2.38%,54.18%,4.56%,1690,69334,1429,0.29,0.16,2.35,1706,11303,3393,6.42,11303,1706,,1760,yolo12n.pt,640,,strategy_10,0.01,FALSE,strategy_10_001,,,,,,,,,,,,,,,,1,5,TRUE,10,,,,,,,FALSE
baseline_w_tiling_and_nms_02,0.12,2.19%,4.20%,2.88%,131,5855,2988,0.05,0.12,1.67,961,15089,3409,8.57,15089,961,,1760,yolo12n.pt,640,0.45,baseline_w_tiling_and_nms,0.2,FALSE,baseline_w_tiling_and_nms_02,,,,,,,,,,,,,,TRUE,TRUE,,,,,,,,,,,FALSE
strategy_10_01,0.15,2.44%,9.97%,3.92%,311,12440,2808,0.09,0.07,2.20,1763,11415,3411,6.49,11415,1763,,1760,yolo12n.pt,640,,strategy_10,0.1,FALSE,strategy_10_01,,,,,,,,,,,,,,,,1,5,TRUE,10,,,,,,,FALSE
strategy_13_01,0.16,2.38%,9.71%,3.82%,303,12429,2816,0.08,0.07,2.21,1929,10921,3419,986.08,1735500,1929,,1760,yolo12n.pt,640,0.45,strategy_13,0.1,FALSE,strategy_13_01,,,,,192,10,,,,,3,0,5,,,1,5,TRUE,10,yolo11n-cls.pt,224,448,0.2,0.01,150,FALSE
strategy_13_02,0.16,2.11%,3.78%,2.71%,118,5485,3001,0.05,0.06,1.59,1924,10953,3429,988.64,1740013,1924,,1760,yolo12n.pt,640,0.45,strategy_13,0.2,FALSE,strategy_13_02,,,,,192,10,,,,,3,0,5,,,1,5,TRUE,10,yolo11n-cls.pt,224,448,0.2,0.01,150,FALSE
baseline_w_tiling_02,0.12,1.83%,4.20%,2.55%,131,7026,2988,0.05,0.10,1.68,770,15253,3434,8.67,15253,770,,1760,yolo12n.pt,640,0.45,baseline_w_tiling,0.2,FALSE,baseline_w_tiling_02,,,,,,,,,,,,,,TRUE,FALSE,,,,,,,,,,,FALSE
strategy_10_005,0.15,3.55%,26.74%,6.27%,834,22656,2285,0.18,0.11,2.28,1757,11637,3451,6.61,11636,1757,,1760,yolo12n.pt,640,,strategy_10,0.05,FALSE,strategy_10_005,,,,,,,,,,,,,,,,1,5,TRUE,10,,,,,,,FALSE
strategy_13_001,0.16,2.30%,52.23%,4.40%,1629,69233,1490,0.27,0.15,2.35,1875,11132,3456,995.22,1751581,1875,,1760,yolo12n.pt,640,0.45,strategy_13,0.01,FALSE,strategy_13_001,,,,,192,10,,,,,3,0,5,,,1,5,TRUE,10,yolo11n-cls.pt,224,448,0.2,0.01,150,FALSE
strategy_13_005,0.16,3.44%,25.81%,6.06%,805,22627,2314,0.18,0.11,2.28,1848,11130,3459,998.15,1756737,1848,,1760,yolo12n.pt,640,0.45,strategy_13,0.05,FALSE,strategy_13_005,,,,,192,10,,,,,3,0,5,,,1,5,TRUE,10,yolo11n-cls.pt,224,448,0.2,0.01,150,FALSE
baseline_w_tiling_01,0.11,1.97%,11.51%,3.36%,359,17901,2760,0.09,0.11,1.93,924,15576,3517,8.85,15575,924,,1760,yolo12n.pt,640,0.45,baseline_w_tiling,0.1,FALSE,baseline_w_tiling_01,,,,,,,,,,,,,,TRUE,FALSE,,,,,,,,,,,FALSE
strategy_10_02,0.15,2.12%,3.82%,2.73%,119,5487,3000,0.05,0.06,1.62,1721,11815,3523,6.71,11815,1721,,1760,yolo12n.pt,640,,strategy_10,0.2,FALSE,strategy_10_02,,,,,,,,,,,,,,,,1,5,TRUE,10,,,,,,,FALSE
baseline_w_tiling_005,0.11,1.77%,21.71%,3.28%,677,37524,2442,0.13,0.12,2.30,783,15678,3544,8.91,15678,783,,1760,yolo12n.pt,640,0.45,baseline_w_tiling,0.05,FALSE,baseline_w_tiling_005,,,,,,,,,,,,,,TRUE,FALSE,,,,,,,,,,,FALSE
baseline_w_tiling_001,0.11,0.77%,40.08%,1.50%,1250,162016,1869,0.20,0.13,2.39,848,15839,3573,9.00,15838,848,,1760,yolo12n.pt,640,0.45,baseline_w_tiling,0.01,FALSE,baseline_w_tiling_001,,,,,,,,,,,,,,TRUE,FALSE,,,,,,,,,,,FALSE
strategy_2_001_sahi,0.03,2.15%,62.30%,4.15%,1943,88501,1176,0.30,0.15,4.64,743,52676,11369,29.93,52676,743,,1760,yolo12n.pt,640,,strategy_2,0.01,TRUE,strategy_2_001_sahi,640,640,0.2,0.2,192,5,4,20,80,3,3,,,,,,,,,,,,,,,FALSE